,State,Total_Offenses_Society,Animal_Cruelty,Drug_Narcotic_Offenses,Gambling_Offenses,Pornography_Obscene_Material,Prostitution_Offenses,Weapon_Law_Violations,Population_Covered,Total_Offenses_Property,Arson,Bribery,Burglary_Breaking_Entering,Counterfeiting_Forgery,Destruction_Damage_Vandalism,Embezzlement,Extortion_Blackmail,Fraud_Offenses,Larceny_Theft_Offenses,Motor_Vehicle_Theft,Robbery,Stolen_Property_Offenses,Total_Offenses_Person,Assault_Offenses,Homicide_Offenses,Human_Trafficking_Offenses,Kidnapping_Abduction,Sex_Offenses,Total_Offenses,Crime_Rate_Total,Crime_Rate_Property,Crime_Rate_Society,Crime_Rate_Person,Year
0,Total,1273179,11566,1039388,1444,25268,7364,188149,177522400.0,5371269,21829,622,522400,102486,1016618,19819,9141,643405,2453071,406911,102659,72308,2235280,2063412,11815,1576,31216,127261,8879728,50.02032419570713,30.25685209303164,7.171934358706281,12.591537743969212,2020
1,Alabama,3235,43,2903,1,11,0,277,715130.0,7981,34,0,910,186,1375,40,13,820,3840,541,66,156,4384,4214,24,0,52,94,15600,21.814215597164154,11.160208633395326,4.523653042104233,6.130353921664592,2020
2,Arizona,18239,182,16530,0,232,39,1256,1769207.0,47284,186,1,4404,567,8390,147,113,6778,23063,2611,720,304,18440,16756,86,5,302,1291,83963,47.45798541380404,26.72609818975394,10.309138501034646,10.422748723015452,2020
3,Arkansas,35720,11,31860,17,390,48,3394,2818360.0,135509,556,1,14994,3868,26063,77,47,23636,54991,7355,1440,2481,63893,60103,340,2,685,2763,235122,83.42511247675954,48.08079876240083,12.674037383442853,22.670276330915854,2020
4,Colorado,31282,759,22217,5,874,224,7203,5754151.0,257623,1329,156,22539,3910,48987,313,751,29769,112828,30179,3958,2904,64221,55631,350,30,2403,5807,353126,61.36891437155542,44.77167874113835,5.436423201268093,11.160812429148974,2020
5,Connecticut,10780,85,8060,16,208,39,2372,3488526.0,78197,159,3,5897,1356,14435,214,164,8575,37125,7295,1695,1279,27833,25994,134,10,249,1446,116810,33.48405601678187,22.415484362163273,3.090130330116502,7.978441324502096,2020
6,Delaware,12934,1154,9431,31,104,41,2173,986809.0,37244,138,1,2572,427,9085,150,74,6090,15849,1597,705,556,16154,15255,87,6,215,591,66332,67.21868162937305,37.74185278002126,13.106893025904709,16.36993582344709,2020
7,District of Columbia,408,1,330,0,0,0,77,689546.0,1065,2,0,1,4,428,0,0,9,412,29,165,15,1062,994,3,0,3,62,2535,3.676331963349798,1.5444944934783176,0.5916936651071865,1.5401438047642941,2020
8,Georgia,39015,885,32004,32,1153,246,4695,7938166.0,207820,651,12,18567,5526,36394,312,251,27491,97267,14621,3862,2866,99961,91136,605,215,2040,5965,346796,43.68716905139046,26.179850610329893,4.914863206438364,12.592455234622204,2020
9,Hawaii,3280,46,2400,313,60,40,421,966438.0,32730,319,2,3301,417,949,32,134,4091,18238,3744,743,760,9376,8358,25,10,323,660,45386,46.962143458763,33.866631899821826,3.3939062826585875,9.701605276282596,2020
10,Idaho,23704,52,22434,0,288,33,897,1819575.0,33036,152,1,3405,744,6751,139,101,4936,14611,1626,163,407,16972,14725,48,4,241,1954,73712,40.51055878433151,18.15588805078109,13.027217894288501,9.327452839261914,2020
11,Illinois,1135,1,557,0,32,6,539,240617.0,9018,61,0,784,118,3154,3,3,858,3282,425,246,84,5688,5350,33,0,117,188,15841,65.83491606993687,37.47864864078598,4.717039943146162,23.639227486004728,2020
12,Indiana,36414,437,30118,249,718,60,4832,4675214.0,112587,629,11,11851,2020,10360,352,105,14877,56932,10860,3333,1257,55303,49876,448,39,1275,3665,204304,43.69939001722702,24.081678400175907,7.788734376650994,11.82897724040012,2020
13,Iowa,24306,0,21444,3,392,31,2436,3083186.0,84304,419,58,11149,3159,17982,164,136,7235,36165,6195,928,714,30872,28466,124,0,220,2062,139482,45.23956712309929,27.34314439673766,7.883403725886145,10.013019000475483,2020
14,Kansas,30538,1,27134,6,387,76,2934,2586059.0,98226,512,6,7818,2850,25413,634,244,12986,39479,5913,816,1555,42607,39051,95,0,1239,2222,171371,66.26724293606604,37.98289211499042,11.808701966969817,16.475648854105803,2020
15,Kentucky,44912,178,41189,13,573,84,2875,4472499.0,119694,360,53,14724,2458,21038,1382,81,7066,54885,11242,2288,4117,47887,43377,366,19,1166,2959,212493,47.51102236132417,26.76221951083723,10.0418133128705,10.706989537616442,2020
16,Louisiana,14814,2,12399,14,314,97,1988,1739794.0,46064,71,1,6312,759,9117,196,59,1735,23833,2594,508,879,22995,21860,130,2,228,775,83873,48.208581015913374,26.476697815948324,8.514801177610682,13.21708202235437,2020
17,Maine,3170,26,2693,2,216,37,196,841254.0,16795,170,2,1179,331,4139,97,39,2529,7636,508,100,65,8338,7599,20,3,21,695,28303,33.64382219876517,19.96424385500693,3.7681841631659405,9.911394180592305,2020
18,Maryland,4136,5,3099,1,105,28,898,1792745.0,41063,44,0,2360,647,8477,95,118,5310,19235,3317,1280,180,8176,7239,100,5,20,812,53375,29.772778616032955,22.905098047965552,2.3070765780967175,4.560603989970688,2020
19,Massachusetts,13306,115,8846,59,891,157,3238,6815611.0,165200,419,12,10299,2530,29897,339,534,52246,57363,6815,2999,1747,68909,64802,167,28,487,3425,247415,36.30122082965122,24.238472530195754,1.9522827813970016,10.110465518058469,2020
20,Michigan,42974,487,25083,23,1070,508,15803,9767448.0,233949,1768,11,22172,3017,47579,1685,517,36400,93671,18074,4424,4631,155110,143029,848,49,818,10366,432033,44.23192219707748,23.951906373087425,4.399716282083099,15.880299541906954,2020
21,Minnesota,22778,260,17993,12,497,22,3994,5584006.0,126006,454,7,11528,3306,23618,156,144,13812,57242,10039,2852,2848,32600,28884,188,50,464,3014,181384,32.48277312022946,22.56552016598836,4.079150344752495,5.8381026094886,2020
22,Mississippi,13881,209,12103,7,119,18,1425,1256005.0,37173,128,9,4730,734,5864,502,36,3708,18123,2221,398,720,16843,16016,91,0,78,658,67897,54.05790582043861,29.596219760271655,11.051707596705427,13.409978463461531,2020
23,Missouri,46084,214,40198,29,489,106,5048,4778935.0,149808,760,3,13587,3390,25966,502,71,12086,72422,15741,2865,2415,58458,54524,402,36,513,2983,254350,53.223155368298585,31.347570117609884,9.64315271080272,12.232432539885979,2020
24,Montana,7558,100,7211,0,16,23,208,1075088.0,35743,156,2,2696,1014,8163,72,7,2525,18039,2521,272,276,13630,11845,61,4,272,1448,56931,52.95473486821544,33.24658074501808,7.030122185346689,12.678031937850669,2020
25,Nebraska,8633,53,7680,0,184,22,694,1034668.0,19921,90,8,1376,611,5662,81,90,2335,8108,1110,109,341,9247,8192,25,1,138,891,37801,36.5344245690405,19.253519003197162,8.343739247758702,8.937166318084643,2020
26,Nevada,11716,44,8506,20,86,590,2470,3059000.0,45727,154,7,4866,669,8551,490,115,6930,17125,4648,1041,1131,25667,23483,93,111,419,1561,83110,27.169009480222293,14.948349133703825,3.830009807126512,8.390650539391958,2020
27,New Hampshire,7604,188,6183,4,700,68,461,1335848.0,29785,145,3,1314,689,7847,111,122,5472,12208,904,260,710,14913,13096,24,7,253,1533,52302,39.152658086848206,22.29669842676712,5.6922643893616645,11.163695270719424,2020
28,New Mexico,7893,62,5918,1,157,59,1696,1114118.0,65205,234,44,7221,705,15032,406,110,5355,26734,6779,1677,908,25958,23577,126,4,853,1398,99056,88.90979232002356,58.52611662319431,7.084527850730353,23.299147846098887,2020
29,New York,3124,0,2548,0,51,27,498,1870894.0,32635,111,1,2195,622,8007,8,45,2260,17010,1289,551,536,11872,11135,22,0,193,522,47631,25.458951709717386,17.443532343360978,1.6697899506866771,6.345629415669728,2020
30,North Carolina,100119,481,84595,95,1551,311,13086,9618194.0,332136,1405,11,40035,5115,57978,1782,626,38413,157274,17618,6591,5288,128459,120176,809,56,1900,5518,560714,58.29722295058719,34.53205456242617,10.409334642241568,13.355833745919453,2020
31,North Dakota,12993,88,12035,6,192,34,638,765309.0,25555,87,0,2823,712,4522,114,45,3620,11018,1820,144,650,10769,9620,34,11,135,969,49317,64.44063770320224,33.39174111372008,16.97745616476482,14.071440424717338,2020
32,Ohio,61965,218,48301,3,1246,409,11788,9805446.0,272856,875,9,30290,2351,61775,113,383,18935,130184,17091,6954,3896,148955,139203,747,16,1908,7081,483776,49.337480416495076,27.82698512642872,6.319447376488536,15.191047913577822,2020
33,Oklahoma,19795,102,15950,1,513,75,3154,2875975.0,101728,539,10,14068,2120,15546,1246,256,14713,41339,8637,1227,2027,36790,33454,206,12,459,2659,158313,55.046723285146776,35.37165656864194,6.882883196133486,12.792183520371353,2020
34,Oregon,22389,407,15546,1,520,116,5799,4000770.0,168615,1315,11,13283,3155,35668,253,160,16272,79717,15607,2105,1069,38223,34389,171,24,445,3194,229227,57.295720573789545,42.14563696488426,5.596172736748176,9.55391087215711,2020
35,Pennsylvania,267,1,219,0,7,0,40,253932.0,722,2,0,20,20,112,3,0,177,353,18,6,11,264,238,3,0,5,18,1253,4.934391884441504,2.843280878345384,1.0514625962856199,1.0396484098105003,2020
36,Rhode Island,3557,35,2265,7,413,13,824,1056100.0,25454,120,0,1801,532,6327,113,72,4148,10076,1496,337,432,9246,8508,32,3,52,651,38257,36.224789319193256,24.101884291260298,3.3680522677776725,8.754852760155288,2020
37,South Carolina,57106,313,46806,40,803,169,8975,5139301.0,208447,710,4,21659,4563,35383,827,208,20234,103272,14065,3076,4446,94085,88748,575,23,1085,3654,359638,69.97799895355419,40.55940681427299,11.111627826430091,18.306964312851104,2020
38,South Dakota,13759,21,12738,11,232,33,724,848707.0,26791,88,0,2628,824,4871,227,36,2323,12987,2120,244,443,13416,12063,52,2,171,1128,53966,63.58613750092788,31.566842267119277,16.211719710100187,15.807575523708417,2020
39,Tennessee,93872,423,79671,20,790,340,12628,6886834.0,263150,992,23,25796,5439,47632,1646,521,25717,126481,20718,5604,2581,144313,136180,747,40,2028,5318,501335,72.79614987089859,38.21059139802121,13.63064653511323,20.954911937764145,2020
40,Texas,155180,2137,126171,376,3523,1942,21031,26328281.0,785751,2423,75,81815,16970,136429,2025,562,70765,378566,69518,23329,3274,357801,337069,1792,399,2758,15783,1298732,49.32840089332076,29.844371533409262,5.894042227823381,13.589987132088114,2020
41,Utah,39485,64,35355,4,520,143,3399,3103855.0,111324,277,11,7643,2416,23095,85,264,12573,53131,8669,1159,2001,33720,28617,110,66,891,4036,184529,59.45155298813894,35.86636618012117,12.721277250387018,10.863909557630752,2020
42,Vermont,1397,33,1181,1,88,16,78,623347.0,12495,42,1,976,189,2874,60,11,1422,6451,260,64,145,3988,3569,18,1,93,307,17880,28.683863081076833,20.045015055819633,2.2411273335718307,6.39772069168537,2020
43,Virginia,74071,1164,56611,9,1894,371,14022,8589304.0,220981,621,26,11405,4330,48518,1792,872,33569,104720,10770,2962,1396,98675,91564,588,60,1642,4821,393727,45.83922050028733,25.727462900370043,8.623632368815914,11.48812523110138,2020
44,Washington,30852,200,23864,9,739,415,5625,7663709.0,356395,1297,14,38635,4361,67070,209,646,57591,148503,27100,5154,5815,78988,72069,334,78,1264,5243,466235,60.83673062220917,46.504244876730056,4.025726968495281,10.306758776983834,2020
45,West Virginia,12779,9,10653,0,495,30,1592,1562004.0,31880,272,3,4149,814,5926,87,8,2067,15529,1994,311,720,14608,13128,121,59,137,1163,59267,37.94292460198565,20.40967884845365,8.181157026486488,9.352088727045514,2020
46,Wisconsin,49165,241,37553,3,1418,216,9734,4821673.0,117910,545,9,10462,1890,23765,533,242,12793,54942,8543,2922,1264,44398,39165,409,85,938,3801,211473,43.85884318575731,24.454167671677446,10.196668251870253,9.20800726220961,2020
47,Wyoming,855,29,803,0,7,2,14,200308.0,1687,8,0,161,51,404,5,5,153,812,74,6,8,1213,1085,2,1,18,107,3755,18.74613095832418,8.422030073686523,4.268426623000579,6.055674261637079,2020
0,Total,1620563,16497,1290858,1815,31873,11565,267955,215058917.0,6531976,26491,739,584913,107047,1283633,22610,12270,761698,2967229,554618,121103,89625,2939412,2706772,16537,2141,36919,177043,11091951,51.57633617210115,30.37296054085495,7.535437370402084,13.66793826084412,2021
1,Alabama,30075,351,25687,13,286,39,3699,3734077.0,122274,456,11,12491,2483,27112,124,122,10712,55804,9902,1481,1576,70855,68366,381,18,388,1702,223204,59.77487877191606,32.745441510713356,8.054199203712189,18.97523805749051,2021
2,Alaska,1730,20,1229,0,36,18,427,402557.0,7301,59,2,786,122,2199,22,34,602,2761,611,72,31,6858,5945,31,2,29,851,15889,39.470186830684845,18.136562027240863,4.297528051928049,17.036096751515934,2021
3,Arizona,34213,396,29650,0,749,164,3254,3949562.0,104648,413,11,8763,1231,22229,261,256,14733,48802,5818,1129,1002,45372,40946,235,7,706,3478,184233,46.64643826328084,26.496102605807934,8.66247953570548,11.487856121767427,2021
4,Arkansas,38618,30,34344,21,490,101,3632,2916168.0,123785,557,2,14101,3056,27186,88,59,12169,54687,8110,1272,2498,66379,62317,339,6,658,3059,228782,78.452956071118,42.44782879450018,13.24272126983082,22.76240600678699,2021
5,California,25946,40,21994,4,54,380,3474,2861998.0,81313,407,2,7103,960,14837,225,148,7873,34122,11272,2300,2064,32707,29983,126,0,576,2022,139966,48.90499574073776,28.4112707276525,9.065694665055672,11.428030348029594,2021
6,Colorado,34379,860,24110,6,927,296,8180,5766585.0,295735,1341,113,22988,3037,55838,329,887,41910,120385,40851,4310,3746,70645,60730,434,63,2528,6890,400759,69.49676454955576,51.284252291434186,5.961760730137508,12.250751527984066,2021
7,Connecticut,10693,149,7220,4,239,37,3044,3605597.0,84370,163,5,5100,1120,16425,191,183,8528,41977,7407,1930,1341,31205,28878,164,13,282,1868,126268,35.01999807521473,23.39973102928586,2.9656669894056376,8.654600056523233,2021
8,Delaware,12571,1280,8902,38,97,27,2227,1003384.0,40185,155,5,2371,389,9217,116,64,9756,15395,1609,570,538,16740,15724,108,5,198,705,69496,69.26161868237882,40.04947258477313,12.528603206748365,16.68354289085734,2021
9,District of Columbia,2188,7,654,3,27,0,1497,670050.0,24749,5,1,760,140,7923,0,33,3390,9400,1716,1205,176,10204,9761,109,0,29,305,37141,55.430191776733075,36.936049548541156,3.2654279531378254,15.2287142750541,2021
10,Florida,192,2,162,0,2,1,25,22244823.0,969,0,0,22,6,99,6,0,78,662,50,24,22,427,405,0,0,6,16,1588,0.0713873965191811,0.043560697246276134,0.008631221745392175,0.019195477527512807,2021
11,Georgia,54557,1180,44766,31,1208,287,7085,8709490.0,243173,688,26,18452,5436,43926,451,331,33582,114819,17985,4053,3424,123610,113071,794,171,2262,7312,421340,48.37711507792075,27.92046376997964,6.264086645716339,14.19256466222477,2021
12,Hawaii,3019,49,2137,329,81,31,392,1059012.0,35378,325,2,3463,395,1053,29,113,4170,20064,4286,734,744,11661,10707,8,5,295,646,50058,47.26858619165789,33.40660917912167,2.850770340657141,11.011206671879073,2021
13,Idaho,27036,58,25531,0,262,36,1149,1889225.0,31407,140,3,2811,627,6959,118,90,5252,13226,1618,156,407,17815,15311,46,4,220,2234,76258,40.36469981076896,16.624277150683483,14.310630020246398,9.429792639839087,2021
14,Illinois,17855,89,11375,1,540,95,5755,7845636.0,156781,541,6,11465,1849,42370,67,171,24685,57784,11430,5955,458,91087,86266,536,7,633,3645,265723,33.868892209630935,19.983211048791965,2.2757874568741143,11.609893703964852,2021
15,Indiana,50117,627,41868,289,747,116,6470,5229123.0,123469,720,19,11661,1800,10585,487,141,16032,65136,12585,2905,1398,67873,60965,495,58,1578,4777,241459,46.17581189044511,23.611798766255834,9.58420752390028,12.979805600288996,2021
16,Iowa,23455,149,20714,6,429,41,2116,2927835.0,74513,327,72,7659,2565,15845,189,87,7832,32882,5799,681,575,32743,30201,96,14,235,2197,130711,44.64425078599033,25.44986312411731,8.011038873433783,11.183348788439238,2021
17,Kansas,30757,0,27863,5,381,114,2394,2614220.0,85034,433,6,6364,2457,22556,418,347,10446,34286,5681,645,1395,37482,34002,95,0,1195,2190,153273,58.630490165326556,32.5274842974195,11.76526841658315,14.337737451323914,2021
18,Kentucky,47562,215,43248,37,582,65,3415,4505498.0,114954,418,42,12659,1962,20219,1103,111,9652,51527,11100,2238,3923,48846,44032,426,38,1179,3171,211362,46.912017273118316,25.514160698772923,10.556435714764493,10.841420859580893,2021
19,Louisiana,40033,302,32035,61,808,198,6629,3321430.0,112262,255,13,15497,1922,21654,740,218,6063,54699,7497,1348,2356,56353,53294,477,8,630,1944,208648,62.81872566936531,33.79929729062482,12.052941052498472,16.96648732624201,2021
20,Maine,4796,46,4214,1,137,16,382,1366119.0,26094,165,2,1713,460,6209,37,36,3102,13207,891,161,111,13310,12209,30,2,25,1044,44200,32.35442886015055,19.100825037935934,3.510675131522217,9.742928690692391,2021
21,Maryland,9629,284,7697,0,118,59,1471,2902491.0,64600,192,3,3691,1092,13445,272,157,10740,28682,4026,1701,599,27379,25455,153,4,61,1706,101608,35.00717142619908,22.256744293091693,3.3174952135941163,9.432931919513273,2021
22,Massachusetts,15412,206,10120,76,900,200,3910,6937375.0,134009,311,15,9582,2322,29644,346,608,24521,55528,6819,2618,1695,72253,67351,153,41,582,4126,221674,31.95358474927476,19.316960665957946,2.2215895781905983,10.415034505126219,2021
23,Michigan,47520,675,27302,40,1091,715,17697,9785364.0,232118,1472,17,19990,2457,47250,1608,604,34204,94082,21283,4014,5137,161963,148483,870,42,922,11646,441601,45.12872489975846,23.72093669688731,4.856232226006105,16.55155597686504,2021
24,Minnesota,38135,379,29660,26,966,103,7001,5699338.0,189416,724,5,14430,4017,35062,197,205,22930,88623,14562,3996,4665,50619,44593,276,105,640,5005,278170,48.8074228971856,33.23473708700905,6.691127987145173,8.881557823031377,2021
25,Mississippi,20233,185,17672,20,204,33,2119,1673199.0,47697,185,5,6125,927,8779,750,53,4528,21874,3059,465,947,23436,22153,173,3,105,1002,91366,54.605578894082534,28.506471734683085,12.092405027734298,14.006702131665152,2021
26,Missouri,66992,387,55939,25,672,175,9794,5885677.0,205063,1106,10,17370,4166,40555,545,116,13960,97843,22462,3596,3334,84290,77897,641,43,966,4743,356345,60.54443694412724,34.84102168705486,11.38220802806542,14.32120722900696,2021
27,Montana,6103,153,5607,3,24,23,293,1098323.0,35096,205,2,2530,773,8147,55,5,2210,17442,2967,289,471,15993,13975,39,2,297,1680,57192,52.07211357678934,31.954170130280435,5.556653188542897,14.561290257966009,2021
28,Nebraska,16597,82,14908,0,264,58,1285,1471365.0,36284,182,6,2342,977,9922,135,130,4784,15465,1750,240,351,17001,15158,47,19,162,1615,69882,47.49467331355578,24.660094538064996,11.280001902994838,11.554576872495947,2021
29,Nevada,30287,280,21492,54,588,1915,5958,3130107.0,115149,407,18,12406,1585,21572,1172,267,13578,45412,13703,2312,2717,67066,61689,245,218,898,4016,212502,67.8896919498279,36.78756029745948,9.676027049554536,21.426104602813897,2021
30,New Hampshire,7289,167,5945,2,697,27,451,1355329.0,27923,108,3,957,629,7353,118,143,5334,11534,892,181,671,14803,12764,23,9,217,1790,50015,36.90247902907708,20.602377725260805,5.378029983863697,10.922071319952572,2021
31,New Jersey,4957,28,3497,2,24,82,1324,3844336.0,51188,93,1,3114,1245,6052,125,201,10330,23380,5079,1243,325,17728,16532,140,2,85,969,73873,19.216062279675864,13.315173283500714,1.2894294359285974,4.611459560246555,2021
32,New Mexico,8402,76,5638,0,150,22,2516,1285483.0,68916,230,38,7249,593,15760,411,91,8583,25657,7316,2029,959,28139,25449,193,12,822,1663,105457,82.03686863225728,53.61097735248152,6.536064654297256,21.889826625478516,2021
33,New York,6720,1,4826,5,137,15,1736,3719239.0,85284,394,5,5305,998,22160,25,155,10025,39528,4082,1520,1087,36803,34355,125,4,569,1750,128807,34.6326224262544,22.930497340988303,1.8068212341288097,9.895303851137289,2021
34,North Carolina,111936,574,90542,75,1820,255,18670,9859219.0,337746,1420,11,36508,4324,61076,1913,816,43312,158155,18779,5840,5592,143884,134322,1020,60,1814,6668,593566,60.204160187536154,34.25687166498685,11.353434790321627,14.593853732227675,2021
35,North Dakota,13892,119,12803,5,246,40,679,774948.0,26333,105,3,2983,579,4843,99,84,3032,11598,2085,191,731,13075,11803,28,7,116,1121,53300,68.77880838456257,33.98034448763014,17.926364091526143,16.8720998054063,2021
36,Ohio,74351,322,57367,15,1288,552,14807,10536226.0,288592,1012,18,27867,2604,60964,138,500,34274,131168,19393,6613,4041,154750,144022,842,28,1922,7936,517693,49.13457627047863,27.39045271048666,7.056701327401291,14.687422232590682,2021
37,Oklahoma,33260,194,26527,1,938,228,5372,3965482.0,150315,834,13,20469,3102,22946,1912,420,15471,64803,15256,1772,3317,62154,56383,346,27,732,4666,245729,61.9669941762439,37.905858606847794,8.38737888609758,15.673756683298526,2021
38,Oregon,15389,462,8316,1,487,304,5819,4093590.0,172886,1402,11,13278,2642,36405,238,226,16021,79546,19241,2498,1378,40502,36127,242,38,493,3602,228777,55.88664228708786,42.233345303266816,3.759291966220359,9.894005017600687,2021
39,Pennsylvania,10321,60,5890,15,107,69,4180,2173050.0,75149,544,3,4690,276,15707,170,112,10492,31604,7344,3886,321,31764,29675,548,16,68,1457,117234,53.94905777593704,34.58226916085686,4.7495455695911275,14.617243045489058,2021
40,Rhode Island,3904,44,2556,7,352,8,937,1094546.0,24698,95,4,1542,495,6065,99,64,3561,10398,1635,278,462,9192,8268,40,5,56,823,37794,34.52938478602087,22.564606695378725,3.566775631174935,8.398002459467213,2021
41,South Carolina,58770,379,48001,47,959,99,9285,5112587.0,191881,677,11,18353,3522,34272,774,269,20095,93193,13937,2516,4262,93278,87692,605,26,1032,3923,343929,67.2710312802501,37.531097270325176,11.495158908787273,18.244775101137645,2021
42,South Dakota,11866,30,10688,14,242,33,859,824054.0,21932,72,5,2024,580,4306,183,23,1732,10572,1959,169,307,13290,11942,46,8,139,1155,47088,57.14188633269179,26.614760683159115,14.399541777601954,16.127583871930725,2021
43,Tennessee,105759,571,88169,35,950,407,15627,6968993.0,241615,936,24,22517,4597,45554,1430,609,25247,112912,20142,4924,2723,146650,137869,761,108,2144,5768,494024,70.88886443134611,34.67000182092305,15.175650197955429,21.043212412467625,2021
44,Texas,220310,2952,175637,449,4903,2860,33509,28865719.0,946717,2921,112,91628,18646,165521,2394,775,98477,452357,87047,22438,4401,465503,435319,2370,549,3102,24163,1632530,56.55601372687096,32.79727762887181,7.632236702643714,16.126499395355438,2021
45,Utah,43979,116,39435,1,535,134,3758,3188815.0,107749,256,7,6968,1812,23747,82,309,12751,50959,7960,1038,1860,37427,31081,98,64,1050,5134,189155,59.31827340250218,33.78966794875212,13.791643604285605,11.736961849464455,2021
46,Vermont,1386,28,1169,1,81,10,97,645570.0,13817,43,0,1129,179,3249,59,17,1455,7006,450,65,165,4045,3589,15,4,76,361,19248,29.81551187322831,21.402791331691372,2.146939913564757,6.2657806279721795,2021
47,Virginia,53228,1185,35386,15,2084,373,14185,8640726.0,221013,647,30,10464,3489,47560,1569,814,36400,104537,11248,2929,1326,102759,94446,666,62,1738,5847,377000,43.63059307747983,25.57805906587016,6.160130526069222,11.89240348554045,2021
48,Washington,16024,299,9325,25,619,314,5442,7700987.0,357551,1587,11,39475,3560,77062,140,718,24008,164309,35326,5680,5675,82643,75137,361,59,1252,5834,456218,59.241497226264634,46.42924342035638,2.0807722438695193,10.731481562038736,2021
49,West Virginia,13520,25,11512,2,498,49,1434,1575083.0,30705,237,4,3344,663,5807,101,13,2615,15198,1797,198,728,14435,12807,107,62,168,1291,58660,37.24248182476733,19.494210781273114,8.583674638098437,9.16459640539578,2021
50,Wisconsin,60506,309,45779,5,1752,324,12337,5423821.0,131390,474,0,9298,2005,25830,540,275,15565,57234,15950,2648,1571,48549,42121,401,80,971,4976,240445,44.33129338154781,24.224619507170317,11.15560413959089,8.951069734786602,2021
51,Wyoming,4094,75,3750,0,95,17,157,450309.0,10750,52,1,1056,174,2577,9,60,896,5005,851,47,22,5867,5202,33,13,68,551,20711,45.99286267873838,23.87249644133251,9.09153492379677,13.0288313136091,2021
0,Total,1860969,20512,1459460,2121,39871,13007,325998,256187698.0,7849624,30166,652,672139,147573,1497908,32481,20298,843491,3618452,721157,149862,115445,3456189,3187575,18785,2691,43083,204055,13166782,51.395059570737075,30.640128551371735,7.264084163791503,13.490846855573839,2022
1,Alabama,49895,607,43361,25,668,77,5157,4519862.0,130599,666,13,12056,3758,27607,253,227,13141,60400,8757,1513,2208,76654,73898,482,36,338,1900,257148,56.8928874377138,28.894466246978336,11.039053847219229,16.959367343516238,2022
2,Alaska,1864,27,1325,1,39,15,457,444412.0,8399,64,0,760,171,2404,22,37,721,3452,637,99,32,6681,5826,45,9,41,760,16944,38.12678325517763,18.899129636463464,4.194306184351458,15.033347434362708,2022
3,Arizona,45976,510,39724,1,1039,369,4333,4571670.0,127557,480,9,10138,1500,25121,398,500,17039,61878,7667,1387,1440,58118,53000,293,82,794,3949,231651,50.67098018885877,27.901620195683417,10.056718879534174,12.712641113641185,2022
4,Arkansas,34483,81,30507,13,534,68,3280,2986257.0,119718,490,3,13732,4301,25089,60,92,9954,54872,7436,1208,2481,64358,60242,337,10,652,3117,218559,73.18827549001979,40.08965068981002,11.54723119945805,21.551393600751712,2022
5,California,144161,645,117419,59,1654,871,23513,20450698.0,543624,3360,14,52995,9472,90274,1988,1084,61519,227300,65460,14283,15875,184079,165486,762,127,4847,12857,871864,42.632481297215385,26.582173381074817,7.049197049411223,9.001110866729341,2022
6,Colorado,37505,760,27236,4,1204,239,8062,5825547.0,284165,1385,59,22374,3245,59165,305,1067,23231,119556,45599,4320,3859,72319,63021,448,64,2250,6536,393989,67.63124561521862,48.779110356503864,6.4380220432519035,12.414113215462857,2022
7,Connecticut,10515,127,6182,9,294,38,3865,3626205.0,88162,192,7,4645,1912,16319,178,264,11867,43041,7009,1630,1098,31418,29074,168,11,335,1830,130095,35.876350068460006,24.31246992379085,2.8997257463381136,8.664154398331037,2022
8,Delaware,13056,1370,9205,28,89,28,2336,1018396.0,38855,111,0,2132,550,8941,115,104,7265,16794,1658,584,601,16578,15790,71,5,182,530,68489,67.25183523894438,38.15313492983083,12.820160330559036,16.27853997855451,2022
9,District of Columbia,5671,16,1643,5,45,14,3948,671803.0,45536,6,5,1376,292,13584,4,69,4485,19002,3907,2404,402,21196,20235,197,0,48,716,72403,107.77415403027375,67.78177531210787,8.44146275024077,31.55091596792512,2022
10,Florida,30654,255,23805,12,318,362,5902,7025392.0,136827,246,2,8632,2646,20675,746,256,14820,77091,8361,2780,572,74044,70914,394,58,138,2540,241525,34.37886455303846,19.476066246552506,4.363315242765101,10.539483063720857,2022
11,Georgia,56104,1058,45111,28,1299,336,8272,9959008.0,264972,712,8,19996,7435,44247,560,533,38688,124775,19699,4217,4102,134475,122238,886,259,2417,8675,455551,45.74260809911991,26.606264399024482,5.633492813742091,13.50285088635334,2022
12,Hawaii,4227,93,3213,209,82,5,625,1233842.0,38681,359,2,3145,453,2079,45,159,4109,22110,4621,887,712,13870,12829,35,9,206,791,56778,46.017237215137754,31.3500431983998,3.425884351480984,11.241309665256978,2022
13,Idaho,28238,94,26490,1,351,34,1268,1938529.0,32343,150,5,3003,723,6833,233,159,5485,13436,1734,160,422,19073,16597,56,36,256,2128,79654,41.089919211938536,16.68430031224707,14.566715277408798,9.83890362228267,2022
14,Illinois,34093,221,21727,3,1096,187,10859,10010597.0,313085,821,6,20294,4473,81323,153,441,39292,122857,31339,11258,828,163645,155025,924,30,1138,6528,510823,51.02822538955469,31.275357503653378,3.4056909892586824,16.347176896642626,2022
15,Indiana,48145,563,40632,204,845,94,5807,5603871.0,125037,636,18,12344,2132,7084,919,248,18373,67178,11678,2777,1650,74029,66875,483,69,1775,4827,247211,44.11432739975635,22.312612121156967,8.59138263532476,13.210332643274622,2022
16,Iowa,23165,218,20574,9,343,43,1978,2968878.0,64022,254,28,6355,2179,13251,239,209,6842,29204,4285,621,555,29140,26733,66,24,235,2082,116327,39.182142209952715,21.564375498083788,7.8026109526898715,9.815155759179056,2022
17,Kansas,32479,1,28843,14,543,143,2935,2675833.0,97016,453,2,6578,2719,25320,615,486,12192,40300,6204,797,1350,45701,41377,146,0,1433,2745,175196,65.47344322310099,36.25637324900321,12.137902477471501,17.079167496626283,2022
18,Kentucky,41719,288,37762,6,722,45,2896,4509571.0,100000,348,49,10519,2307,18024,1384,128,6235,46499,9486,1654,3367,44610,39877,343,31,1124,3235,186329,41.318564448813426,22.17505833703472,9.251212587627514,9.892293524151189,2022
19,Louisiana,44683,410,35014,41,873,143,8202,3428406.0,126599,293,11,16487,2723,22464,1170,340,6684,63632,8128,1577,3090,60879,57358,390,19,678,2434,232161,67.7168923400554,36.92649003647759,13.03317051714412,17.757231786433696,2022
20,Maine,4277,48,3688,3,151,38,349,1384006.0,26621,160,5,1583,479,5758,40,69,2725,14562,980,141,119,13056,12059,54,3,39,901,43954,31.758532838730467,19.234743201980336,3.090304521801206,9.433485114948924,2022
21,Maryland,26943,506,21399,1,602,113,4322,4898180.0,141602,323,3,9647,2376,28369,458,307,19821,61563,11711,6248,776,59862,56010,502,69,117,3164,228407,46.63099355270733,28.909105014515596,5.500614513962328,12.221274024229407,2022
22,Massachusetts,14347,193,8553,61,945,268,4327,6947897.0,137461,373,22,9989,3357,29056,458,719,21808,60288,6986,2647,1758,74878,69888,159,45,543,4243,226686,32.62656311686831,19.784547755961267,2.0649413772253675,10.777073983681682,2022
23,Michigan,43762,897,25763,35,1248,625,15194,9616858.0,252945,1305,18,20657,3068,47126,2096,919,36810,105229,26155,3667,5895,164531,151275,811,49,834,11562,461238,47.96140277832947,26.302249653681066,4.550550710013603,17.1086024146348,2022
24,Minnesota,35639,338,27348,13,1060,114,6766,5711489.0,177765,628,7,12166,3866,31479,313,374,19258,84856,16534,3266,5018,49649,43792,252,102,584,4919,263053,46.056816357345696,31.12410791651704,6.239878952756452,8.6928294880722,2022
25,Mississippi,18502,235,16091,1,168,11,1996,1791767.0,46673,175,5,5681,1010,8624,860,94,4538,21510,2898,433,845,23446,22172,148,9,153,964,88621,49.46011395454878,26.048587790711625,10.326119411731549,13.085406752105603,2022
26,Missouri,62643,477,50732,147,892,175,10220,6077481.0,217981,1034,17,17381,4574,44969,685,198,14204,97588,30218,3397,3716,86566,80256,726,40,868,4676,367190,60.4181238904737,35.866998185596955,10.307395448871006,14.243730256005737,2022
27,Montana,5425,143,4924,7,26,23,302,1121153.0,33707,144,4,2180,742,7534,87,8,2042,17725,2509,266,466,15469,13322,58,4,322,1763,54601,48.700757166952236,30.06458529745717,4.838768660477205,13.79740320901786,2022
28,Nebraska,15949,85,14244,0,295,25,1300,1459853.0,37642,207,10,2220,1143,10306,138,278,4709,15986,2021,240,384,17645,15871,49,14,162,1549,71236,48.79669391370227,25.784787920427604,10.925072592925453,12.086833400349214,2022
29,Nevada,28333,298,19292,82,406,2370,5885,3162409.0,121232,424,16,13886,1738,22881,1402,300,10883,48477,15654,2748,2823,66653,61511,245,199,827,3871,216218,68.37129542699886,38.33533233683562,8.959309184865083,21.076653905298148,2022
30,New Hampshire,7135,233,5380,4,809,20,689,1378928.0,28486,123,5,960,719,7485,97,230,4993,12182,902,221,569,15448,13400,40,13,218,1777,51069,37.035291182715845,20.65807641878329,5.1743093185431,11.202905445389462,2022
31,New Jersey,12392,114,8103,7,164,175,3829,5630105.0,123401,246,5,8111,2893,16979,359,681,19008,61952,9341,2573,1253,43739,40919,171,8,257,2384,179532,31.8878599955063,21.91806369508206,2.201024670054999,7.768771630369239,2022
32,New Mexico,13025,108,8057,0,224,43,4593,1813146.0,99041,323,33,11159,951,24230,765,227,8287,38343,10859,2245,1619,39872,36610,229,20,968,2045,151938,83.79799530760347,54.62384165422972,7.183646545838008,21.99050710753574,2022
33,New York,9474,2,5110,13,289,27,4033,4587827.0,117908,501,8,7875,1764,31264,39,244,7224,58611,6324,2392,1662,50087,47124,201,3,652,2107,177469,38.68258327962236,25.700184422821522,2.0650299150338496,10.917368941766984,2022
34,North Carolina,112904,661,88992,102,2164,212,20773,10235931.0,345497,1450,15,36551,5147,61472,2479,1307,44794,160189,20366,5774,5953,149418,139683,919,75,1710,7031,607819,59.38092001597119,33.75335374964916,11.030164232252055,14.597402034069983,2022
35,North Dakota,13226,142,12050,1,307,47,679,779261.0,24848,97,7,2600,653,4396,103,129,2920,11109,1994,217,623,12417,11127,45,6,153,1086,50491,64.79343891199483,31.886620785590452,16.972490603276697,15.934327523127681,2022
36,Ohio,73808,382,58536,13,1731,513,12633,10916774.0,305310,1091,14,27901,4137,66437,157,748,22944,144278,26339,6146,5118,163545,151500,710,33,2095,9207,542663,49.70909904336208,27.967053270499143,6.760971693652356,14.981074079210579,2022
37,Oklahoma,34764,523,27576,3,1235,223,5204,4019800.0,144894,775,6,19172,3418,22075,1879,495,16549,63269,12736,1649,2871,66170,60354,328,15,734,4739,245828,61.15428628289964,36.04507686949599,8.64819145231106,16.461017961092594,2022
38,Oregon,13352,452,6507,2,533,203,5655,4079739.0,186210,1229,10,14587,2923,37726,239,264,15236,86671,22816,2865,1644,41715,37219,244,38,473,3741,241277,59.140302847804726,45.642625667965525,3.2727583798865565,10.224918799952643,2022
39,Pennsylvania,34259,437,23348,115,1150,297,8912,5229066.0,161382,800,4,9984,2018,30924,980,459,22722,71539,14367,6237,1348,67815,61606,767,23,271,5148,263456,50.38299382719591,30.86249054802521,6.551648038100877,12.96885524106982,2022
40,Rhode Island,3167,61,1966,8,254,6,872,1092311.0,25159,85,3,1448,547,6011,129,129,3357,11083,1717,268,382,9334,8560,18,3,39,714,37660,34.47736038545799,23.03281757667917,2.8993574174388064,8.545185391340013,2022
41,South Carolina,61494,479,48875,57,1136,107,10840,5271145.0,190908,632,7,17643,4269,33835,892,407,23020,91615,12726,2133,3729,96360,90929,641,35,906,3849,348762,66.16437225688158,36.21755804478913,11.666156024924376,18.280658187168065,2022
42,South Dakota,11267,48,9973,6,247,43,950,830169.0,23632,67,3,2021,528,4586,221,32,1762,11746,2114,230,322,13812,12497,67,5,144,1099,48711,58.67600452437998,28.466492967094652,13.571935352922115,16.637576204363207,2022
43,Tennessee,98354,635,80538,58,1086,505,15532,7047629.0,253273,878,19,21927,5608,45783,1972,890,26867,116528,25562,4755,2484,143204,134516,688,87,1904,6009,494831,70.21240760545142,35.93733438579131,13.955615427543078,20.31945779211704,2022
44,Texas,227626,3426,179836,642,5123,2723,35876,29643845.0,999574,2921,101,94689,23210,164470,3093,1127,88929,496659,98026,21219,5130,467425,437755,2369,596,3459,23246,1694625,57.16616720941565,33.719444964038914,7.678693502816521,15.768028742560219,2022
45,Utah,45967,135,40761,6,622,90,4353,3325856.0,105136,273,11,6331,1537,22839,73,493,13479,50492,6631,977,2000,39497,32918,85,38,1166,5290,190600,57.308554549565585,31.611711390992273,13.821103499369787,11.875739659203525,2022
46,Vermont,1281,60,1056,1,70,4,90,647064.0,15882,40,0,1004,310,2681,59,22,1436,9408,595,88,239,4224,3791,27,1,88,317,21387,33.052371944660806,24.544712733207223,1.9797114350357925,6.527947776417789,2022
47,Virginia,51427,1247,32421,34,2252,349,15124,8682813.0,252769,637,30,10886,4573,49759,1897,1344,40309,124772,13673,3353,1536,109467,100568,732,80,1905,6182,413663,47.64158804295336,29.111418154462154,5.922850117813201,12.607319770678005,2022
48,Washington,17058,350,9162,20,622,220,6684,7730372.0,402332,1526,17,42473,3793,85757,260,845,23032,179545,49693,6785,8606,89785,82011,454,59,1454,5807,509175,65.86681727606381,52.04561953810243,2.2066208456721097,11.614576892289271,2022
49,West Virginia,10509,30,8814,0,497,51,1117,1541815.0,27946,176,1,2894,651,5054,112,31,2299,14630,1383,168,547,13813,12453,92,20,122,1126,52268,33.90030580841411,18.125391178578493,6.815992839607865,8.958921790227752,2022
50,Wisconsin,62143,334,47086,7,1392,264,13060,5610301.0,126511,461,2,8163,2365,25753,731,443,14572,57313,13033,2326,1349,50315,43989,401,107,962,4856,238969,42.59468431372933,22.549770502509578,11.07658929529806,8.968324515921694,2022
51,Wyoming,3884,89,3506,0,133,12,144,453931.0,10699,36,3,809,215,2486,21,82,1012,5357,629,32,17,6105,5495,27,13,67,503,20688,45.575208566940795,23.569661468372946,8.556366496229604,13.449180602338242,2022
